{"formula":{"0":"Ag1Al1S2","1":"Ag1Al1Te2","2":"Ag1Ba1La1Se3","3":"Ag1Ba1Se3Y1","4":"Ag1Ba1Te3Y1","5":"Ag1Ba2In1S4","6":"Ag1Cd2Ga1S4","7":"Ag1Cr1S2","8":"Ag1Cr1Se2","9":"Ag1Cu1S1","10":"Ag1Fe1S2","11":"Ag1Fe2Ga1Te4","12":"Ag1Fe2S3","13":"Ag1Ga1S2","14":"Ag1Ga1Se2","15":"Ag1Ga1Te2","16":"Ag1Ge1La3S7","17":"Ag1Hf1Rb1Te3","18":"Ag1In1S2","19":"Ag1In1Se2","20":"Ag1In1Te2","21":"Ag1In3K2Se6","22":"Ag1In5Te8","23":"Ag1K1Se1","24":"Ag1K2Nb1S4","25":"Ag1K2S4V1","26":"Ag1K2Se4V1","27":"Ag1La3S7Si1","28":"Ag1La3S7Sn1","29":"Ag1La3Se7Si1","30":"Ag1La3Se7Sn1","31":"Ag1Mo3Se3","32":"Ag1Na3S2","33":"Ag1Nb1Rb2S4","34":"Ag1Nb1Rb2Se4","35":"Ag1Rb1Se4","36":"Ag1Rb2S4V1","37":"Ag1Rb2Se4V1","38":"Ag1Rb3Se8Sn3","39":"Ag1Sc1Se2","40":"Ag1Se2Y1","41":"Ag1Te1","42":"Ag1Te2Y1","43":"Ag2Ba1Ge1S4","44":"Ag2Ba1S2","45":"Ag2Ba1S4Sn1","46":"Ag2Ba1Se4Sn1","47":"Ag2Ba1Te2","48":"Ag2Cd1Ge1S4","49":"Ag2Fe1S4Sn1","50":"Ag2Ge1In2S6","51":"Ag2Ge1K2S4","52":"Ag2Ge1Pb1S4","53":"Ag2Ge1S3","54":"Ag2Hf1S3","55":"Ag2Hg1S2","56":"Ag2Hg1Se4Sn1","57":"Ag2In2S6Si1","58":"Ag2In2Se6Si1","59":"Ag2K1Nb1Se4","60":"Ag2K2Se4Sn1","61":"Ag2S1","62":"Ag2S4Sn1Zn1","63":"Ag3Au1S2","64":"Ag3Au1Se2","65":"Ag3Au1Te2","66":"Ag3Cu1S2","67":"Ag3K1Se2","68":"Ag3K3Nb2S8","69":"Ag3Na1S2","70":"Ag3Rb1S2","71":"Ag3Rb1Se2","72":"Ag3Rb1Te2","73":"Ag4Cd1Ge2S7","74":"Ag4Ge2Hg1S7","75":"Ag4K2S3","76":"Ag4K2Se3","77":"Ag4Rb2S3","78":"Ag5Ba2La1S6","79":"Ag6K2S4","80":"Ag7Nb1S6","81":"Ag7Rb1S4","82":"Ag8Se6Sn1","83":"AgAlSe2","84":"AgBr","85":"AgCl","86":"AgFeS2","87":"AgGaS2","88":"AgGaTe2","89":"AgI","90":"AgInSe2","91":"Al1As1","92":"Al1As2K2Na1","93":"Al1As2Na3","94":"Al1As3Ca3","95":"Al1As4Ca3Na3","96":"Al1Au1O2","97":"Al1Ba1La1O4","98":"Al1Ba3Sb3","99":"Al1Be1La3S7","100":"Al1Ca3N3","101":"Al1Ca3Sb3","102":"Al1Cd1La3S7","103":"Al1Co1S7Y3","104":"Al1Cu1O2","105":"Al1Cu1S2","106":"Al1Cu1Se2","107":"Al1Cu1Te2","108":"Al1Fe1S7Y3","109":"Al1In1S3","110":"Al1In1Se3","111":"Al1K1O2","112":"Al1K1O4Si1","113":"Al1K1O8Si3","114":"Al1K1Sb4","115":"Al1K1Te2","116":"Al1K2Na1P2","117":"Al1K3O3","118":"Al1K6Na3Sb4","119":"Al1La1O3","120":"Al1La3Mg1S7","121":"Al1La3Mn1S7","122":"Al1La3S7Ti1","123":"Al1La3S7Zn1","124":"Al1Li1S2","125":"Al1Mn1S7Y3","126":"Al1Mo4S8","127":"Al1N1","128":"Al1Na1O2","129":"Al1Na1O4Si1","130":"Al1Na1O6Si2","131":"Al1Na1Se2","132":"Al1Na1Te2","133":"Al1Na3P2","134":"Al1Ni1S7Y3","135":"Al1O2Rb1","136":"Al1O3Sc1","137":"Al1O3Y1","138":"Al1O4Rb1Si1","139":"Al1P1","140":"Al1P3Si1","141":"Al1Rb6Sb3","142":"Al1S2Tl1","143":"Al1Sb1","144":"Al1Sb3Sr3","145":"Al1Si1Te3","146":"Al2As3K3","147":"Al2As4Sr3","148":"Al2Ba1O4","149":"Al2Ba1Te4","150":"Al2Ca1O4","151":"Al2Ca2O5","152":"Al2Ca2O7Si1","153":"Al2Ca3P4","154":"Al2Ca5Sb6","155":"Al2Cd1O4","156":"Al2Cd1S4","157":"Al2Cd1Se4","158":"Al2Cd1Te4","159":"Al2Fe1S4","160":"Al2Ge2O7","161":"Al2Hg1S4","162":"Al2Hg1Te4","163":"Al2K6O6","164":"Al2K6Se6","165":"Al2K6Te6","166":"Al2Mg1O4","167":"Al2Mg1S4","168":"Al2Mg1Se4","169":"Al2Mg2Se5","170":"Al2Mn1S4","171":"Al2Mn1Te4","172":"Al2Na6Se6","173":"Al2Na6Te6","174":"Al2Na7Sb5","175":"Al2O11Si4","176":"Al2O3","177":"Al2O4Pb1","178":"Al2O4Sr1","179":"Al2O5Si1","180":"Al2O5Ti1","181":"Al2O6Rb6","182":"Al2P4Sr3","183":"Al2Pb1S4","184":"Al2S3","185":"Al2S4Sr1","186":"Al2S4Zn1","187":"Al2Se3","188":"Al2Se4Sr1","189":"Al2Se4Zn1","190":"Al2Te5","191":"Al4Ba1S7","192":"Al4Ba1Se7","193":"Al4Bi2S8","194":"Al4Ca1O7","195":"Al4Na4P12Sr8","196":"Al4O7Sr1","197":"Al6Ca4O13","198":"Al6O16Sr4W1","199":"Al7S12Tl3","200":"AlAs","201":"AlCuO2","202":"AlCuSe2","203":"AlCuTe2","204":"AlLiTe2","205":"AlN","206":"AlP","207":"AlSb","208":"As1Au1Na2","209":"As1Ca1Rb1","210":"As1Cd1","211":"As1Cd1K1","212":"As1Ga1","213":"As1K1","214":"As1K1Mg1","215":"As1K1Zn1","216":"As1K3","217":"As1La1","218":"As1Mg1Na1","219":"As1Na1","220":"As1Na1Sr1","221":"As1Na1Zn1","222":"As1Na3","223":"As1Rb1","224":"As1Si1","225":"As1Sr1","226":"As1Zn1","227":"As2Au1K5","228":"As2Ba1","229":"As2Ba1Cd2","230":"As2Ba1Ga2","231":"As2Ba1Mg2","232":"As2Ba1Zn2","233":"As2Ba2Cd1","234":"As2Ba2Zn1","235":"As2Ca1Cd2","236":"As2Ca1Mg2","237":"As2Ca1Zn2","238":"As2Ca2Cd1","239":"As2Cd1","240":"As2Cd1K4","241":"As2Cd1Si1","242":"As2Cd1Sn1","243":"As2Cd1Sr2","244":"As2Cd2Sr1","245":"As2Ga1K2Na1","246":"As2Ga2Sr1","247":"As2Hg1K4","248":"As2In1K2Na1","249":"As2K2Si1","250":"As2K4Zn1","251":"As2La1","252":"As2Mg1Si1","253":"As2Mg3","254":"As2Na2","255":"As2Rb2Si1","256":"As2Rb2Sn1","257":"As2Si1","258":"As2Si1Zn1","259":"As2Sn2Sr1","260":"As2Sr1Zn2","261":"As2Sr2","262":"As3Ba3In1","263":"As3Ca3Ga1","264":"As3La1Zn3","265":"As3Sr1","266":"As3Sr2Zn2","267":"As4Ba3Si2","268":"As4Ca3In2","269":"As4Ga1Na3Sr3","270":"As4Ga2Sr3","271":"As4Mg1","272":"As4Na8Ti1","273":"As4Si2Sr3","274":"As4Si3","275":"As4Sn3","276":"As4Sr3","277":"As6Ca5Ga2","278":"As6Ca5Sn2","279":"As6Rb4","280":"As6Sn2Sr5","281":"AsB","282":"AsGa","283":"Au1Ba4Na1O8","284":"Au1Bi1K2","285":"Au1Bi1Na2","286":"Au1Cr1S2","287":"Au1Cs1S1","288":"Au1Ga1O2","289":"Au1K1N12","290":"Au1K1Na2O2","291":"Au1K1O2","292":"Au1K1S1","293":"Au1K1S5","294":"Au1K1Se1","295":"Au1K1Se2","296":"Au1K1Se5","297":"Au1K2P1","298":"Au1K2Sb1","299":"Au1K3O1","300":"Au1K3Se2","301":"Au1K5P2","302":"Au1La1O3","303":"Au1Li1S1","304":"Au1Li3S2","305":"Au1N12Rb1","306":"Au1N1Sr2","307":"Au1Na1O2","308":"Au1Na1Se2","309":"Au1Na2O2Rb1","310":"Au1Na2Sb1","311":"Au1Na3O2","312":"Au1Na3S2","313":"Au1O1Rb1","314":"Au1O1Rb3","315":"Au1O2Rb1","316":"Au1O2Sc1","317":"Au1O2Y1","318":"Au1Rb1S1","319":"Au1Rb1Se1","320":"Au1Rb1Te1","321":"Au1Rb2S4Sb1","322":"Au1Sb1Sr1","323":"Au2Ba1O4","324":"Au2Ca1O4","325":"Au2Cd2Cs2S4","326":"Au2Cd2Rb2S4","327":"Au2Cs2S4Sn1","328":"Au2O3","329":"Au2O4Sr1","330":"Au2O8Sr5","331":"Au2S1","332":"Au3K3Sb2","333":"Au3La3Sb4","334":"Au3O2Rb5","335":"Au3P7Sn1","336":"Au3Rb1Se2","337":"Au3Rb3Sb2","338":"Au3Sb4Y3","339":"Au4Cd1K2S4","340":"Au5O2Rb7","341":"Au6K4S5","342":"Au6Rb4S5","343":"B18Cs8S18","344":"B18Rb8S18","345":"B1Ba1Bi1S4","346":"B1Ba1Li1S3","347":"B1Ba1S4Sb1","348":"B1Cs1Li2S3","349":"B1Cs3S3","350":"B1K3S3","351":"B1Li1S3Sr1","352":"B1Li3S3","353":"B1Na3S3","354":"B1Rb1S3","355":"B1Rb3S3","356":"B1S2Tl1","357":"B1S3Tl1","358":"B1S3Tl3","359":"B2Ba1S4","360":"B2Cs2S4","361":"B2K2S7","362":"B2Li2S5","363":"B2Na2S5","364":"B2S4Sr1","365":"B2S6Sr3","366":"B3Ba1Li1S6","367":"B3K3S6","368":"B3Li1S6Sr1","369":"B3Na3S6","370":"B3Rb3S6","371":"B3S10Tl3","372":"B4Ba7S13","373":"B6S12Sr3","374":"Ba10N12Ti4","375":"Ba11Cd6Sb12","376":"Ba1Bi2La1S6","377":"Ba1Bi2Mg2","378":"Ba1Ca1Ga4O8","379":"Ba1Ca1Si1","380":"Ba1Ca2Mg1O8Si2","381":"Ba1Ca2O9Si3","382":"Ba1Cd1K2Sb2","383":"Ba1Cd1O2","384":"Ba1Cd1S2","385":"Ba1Cd2P2","386":"Ba1Cr1S2","387":"Ba1Cu1La1S3","388":"Ba1Cu1La1Se3","389":"Ba1Cu1La1Te3","390":"Ba1Cu1S3Sc1","391":"Ba1Cu1S3Y1","392":"Ba1Cu1Se3Y1","393":"Ba1Cu1Te3Y1","394":"Ba1Cu2Ge1S4","395":"Ba1Cu2S2","396":"Ba1Cu2S4Sn1","397":"Ba1Cu2Se2","398":"Ba1Cu2Se4Sn1","399":"Ba1Cu4S3","400":"Ba1Fe2S3","401":"Ba1Fe2S4","402":"Ba1Fe2Se3","403":"Ba1Fe4O7","404":"Ba1Ga1La1O4","405":"Ba1Ga2P2","406":"Ba1Ga2Se4","407":"Ba1Ga4S7","408":"Ba1Ga4Se7","409":"Ba1Ge1O3","410":"Ba1Ge2P2","411":"Ba1Ge3O9Sn1","412":"Ba1Hf1N2","413":"Ba1Hf1O9Si3","414":"Ba1Hg1O2","415":"Ba1Hg1S2","416":"Ba1Hg1S4Sn1","417":"Ba1In2Te4","418":"Ba1K1Nb1S4","419":"Ba1K4S8V2","420":"Ba1La2Mn1S5","421":"Ba1La2O5Zn1","422":"Ba1La2S5Zn1","423":"Ba1Mg2P2","424":"Ba1Mg2Sb2","425":"Ba1Mn1S2","426":"Ba1Mo6S8","427":"Ba1N2Si1","428":"Ba1N2Zr1","429":"Ba1N6","430":"Ba1N7Si4Y1","431":"Ba1N8Si6","432":"Ba1Na1O7Sc1Si2","433":"Ba1Na1P1","434":"Ba1Na2O6Si2","435":"Ba1Nb2O6","436":"Ba1O1","437":"Ba1O2","438":"Ba1O2Zn1","439":"Ba1O3Pb1","440":"Ba1O3Si1","441":"Ba1O3Sn1","442":"Ba1O3Ti1","443":"Ba1O3Zr1","444":"Ba1O4Y2","445":"Ba1O5Ti2","446":"Ba1O7Si2Zn2","447":"Ba1O9Si3Sn1","448":"Ba1O9Si3Ti1","449":"Ba1O9Si4","450":"Ba1O9Ti4","451":"Ba1P10","452":"Ba1P3","453":"Ba1P8","454":"Ba1Pd1S2","455":"Ba1Pd2S4","456":"Ba1Pt2S3","457":"Ba1Rb1S4Ta1","458":"Ba1S1","459":"Ba1S2","460":"Ba1S2Sn1","461":"Ba1S3","462":"Ba1S3Sn1","463":"Ba1S3Ti1","464":"Ba1S3V1","465":"Ba1S3Zr1","466":"Ba1S4Y2","467":"Ba1Sc2Te4","468":"Ba1Se1","469":"Ba1Se2","470":"Ba1Se3","471":"Ba1Se4Y2","472":"Ba1Si2","473":"Ba1Te1","474":"Ba1Te2","475":"Ba1Te4Y2","476":"Ba2Bi1Ga1S5","477":"Ba2Bi1In1S5","478":"Ba2Bi2Zn1","479":"Ba2Cd1S3","480":"Ba2Cd1Se3","481":"Ba2Cd1Te3","482":"Ba2Co1S3","483":"Ba2Cu3S6V1","484":"Ba2Ga1Se5Y1","485":"Ba2Ge1P2","486":"Ba2Ge1S4","487":"Ba2Ge2Mg1O7","488":"Ba2Ge2O8Ti1","489":"Ba2Hf1S4","490":"Ba2Hg1S3","491":"Ba2In1Se5Y1","492":"Ba2In2O5","493":"Ba2Mg1O7Si2","494":"Ba2Mn1S3","495":"Ba2Mn1Se3","496":"Ba2N2Zn1","497":"Ba2N8Si5","498":"Ba2O3Zn1","499":"Ba2O4Pb1","500":"Ba2O4Si1","501":"Ba2O4Sn1","502":"Ba2O4Ti1","503":"Ba2O4Zr1","504":"Ba2O7Si2Zn1","505":"Ba2O8Si2Ti1","506":"Ba2S3","507":"Ba2S3Zn1","508":"Ba2S4Si1","509":"Ba2S4Sn1","510":"Ba2S4Ti1","511":"Ba2S4Zr1","512":"Ba2Sb2Zn1","513":"Ba2Se4Si1","514":"Ba2Si1","515":"Ba2Si1Te4","516":"Ba2Si4","517":"Ba3Fe1S5","518":"Ba3Ga2Ge4O14","519":"Ba3Ga2S6","520":"Ba3Ge1O1","521":"Ba3In2O6","522":"Ba3In2P4","523":"Ba3Na1Nb1O6","524":"Ba3O5Si1","525":"Ba3O8V2","526":"Ba3O9Y4","527":"Ba3P4","528":"Ba3P6Si4","529":"Ba3S5Ti1","530":"Ba3S7Zr2","531":"Ba3S8Ta2","532":"Ba4Ga2S7","533":"Ba4In2S8","534":"Ba4O6Pt1","535":"Ba4S10Zr3","536":"Ba5Hf4S13","537":"Ba5Sb4","538":"Ba6Cu3Na1Te14","539":"Ba6Fe8S15","540":"Ba6Ga2P6","541":"Ba6Hf5S16","542":"Ba6O18W4","543":"Ba6P6Sn2","544":"BaO","545":"BAs","546":"BBi","547":"BCuSe2","548":"Be1Ga1La3S7","549":"Be1In1La3S7","550":"Be1La3S7Sb1","551":"Be1La3S7Sc1","552":"Be1S1","553":"BeCN2","554":"BeO","555":"BeSe","556":"BeSiAs2","557":"BeSiN2","558":"BeSiP2","559":"BeTe","560":"Bi1Ca1K1","561":"Bi1Ca2","562":"Bi1Cs1Ge1S4","563":"Bi1Cs1S2","564":"Bi1Cs1S4Si1","565":"Bi1Ge1K1S4","566":"Bi1Ge1Rb1S4","567":"Bi1K1Mg1","568":"Bi1K1S4Si1","569":"Bi1K3","570":"Bi1La1","571":"Bi1Rb1S2","572":"Bi1Rb1S4Si1","573":"Bi1S2Tl1","574":"Bi2Ca1Mg2","575":"Bi2Cd1Cs2S5","576":"Bi2Cs2S5Zn1","577":"Bi2Ga2In4S12","578":"Bi2Ga4S8","579":"Bi2Hg1S4","580":"Bi2In4S9","581":"Bi2O3","582":"Bi2Pb1S4","583":"Bi2Pb3S6","584":"Bi2S3","585":"Bi2S5Tl4","586":"Bi2Se3","587":"Bi2Te3","588":"Bi3Cs1S5","589":"Bi3In5S12","590":"Bi3K1S5","591":"BN","592":"BP","593":"BSb","594":"C","595":"Ca1Cd2P2","596":"Ca1Cd2Sb2","597":"Ca1Ga1La1O4","598":"Ca1Ga2O4","599":"Ca1Ga2P2","600":"Ca1Ga2S4","601":"Ca1Ga4O7","602":"Ca1Ge1Mg1O4","603":"Ca1Ge1O3","604":"Ca1Ge1O5Zr1","605":"Ca1Ge2O5","606":"Ca1Hg1O2","607":"Ca1In2O4","608":"Ca1In2P2","609":"Ca1Mg1O4Si1","610":"Ca1Mg1O6Si2","611":"Ca1Mg2N2","612":"Ca1Mg2Sb2","613":"Ca1Mo6S8","614":"Ca1N6","615":"Ca1O1","616":"Ca1O2","617":"Ca1O3Pb1","618":"Ca1O3Si1","619":"Ca1O3Sn1","620":"Ca1O3Ti1","621":"Ca1O3Zr1","622":"Ca1O4Sc2","623":"Ca1O4Ti2","624":"Ca1O5Si1Sn1","625":"Ca1O5Si1Ti1","626":"Ca1O6Si2Zn1","627":"Ca1O6V2","628":"Ca1O7Si2Zr1","629":"Ca1P1","630":"Ca1P2Zn2","631":"Ca1P3","632":"Ca1Rb1Sb1","633":"Ca1S1","634":"Ca1S3Zr1","635":"Ca1S4Sc2","636":"Ca1S4Y2","637":"Ca1Se1","638":"Ca1Si1Sr1","639":"Ca1Te1","640":"Ca2Cd1P2","641":"Ca2Cd1Sb2","642":"Ca2Ga2O5","643":"Ca2Ge1O4","644":"Ca2Ge1S4","645":"Ca2Hf7O16","646":"Ca2Mg1O7Si2","647":"Ca2N2Zn1","648":"Ca2N8Si5","649":"Ca2O4Pb1","650":"Ca2O4Si1","651":"Ca2O4Sn1","652":"Ca2O6Pd1W1","653":"Ca2O6Si1Ti1","654":"Ca2O7Si2Zn1","655":"Ca2O9Pb1Si3","656":"Ca2Si1","657":"Ca3Ga2N4","658":"Ca3Ga2P4","659":"Ca3Ge1O1","660":"Ca3In1P3","661":"Ca3N2","662":"Ca3O1Si1","663":"Ca3O5Si1","664":"Ca3O7Ti2","665":"Ca3O9Si3","666":"Ca4N4Ti1","667":"Ca5Al2Sb6","668":"Ca5Ga2N4","669":"Ca5In2Sb6","670":"Ca5N6Si2","671":"Ca5P8","672":"Ca6Ga1N5","673":"CaO","674":"Cd1Cr2S4","675":"Cd1Cr2S4","676":"Cd1Cr2Se4","677":"Cd1Cu2Ge1S4","678":"Cd1Cu2Ge1Se4","679":"Cd1Cu2S4Si1","680":"Cd1Cu2S4Sn1","681":"Cd1Cu2Se4Si1","682":"Cd1Cu2Se4Sn1","683":"Cd1Cu2Si1Te4","684":"Cd1Cu2Sn1Te4","685":"Cd1Ga1In1S4","686":"Cd1Ga2O4","687":"Cd1Ga2S4","688":"Cd1Ga2Se4","689":"Cd1Ga2Te4","690":"Cd1Ge1Li2S4","691":"Cd1Ge1O3","692":"Cd1Ge1P2","693":"Cd1Ge2O5","694":"Cd1Hg1O2","695":"Cd1In2O4","696":"Cd1In2S4","697":"Cd1In2Se4","698":"Cd1In2Te4","699":"Cd1K1Sb1","700":"Cd1K2O2","701":"Cd1K2Sb2Sr1","702":"Cd1K4P2","703":"Cd1K6O4","704":"Cd1K6Te4","705":"Cd1Li2S4Sn1","706":"Cd1Mo6S8","707":"Cd1Mo6Se8","708":"Cd1Na2S4Sn1","709":"Cd1Na4P2","710":"Cd1O2","711":"Cd1O2Rb2","712":"Cd1O3Sn1","713":"Cd1O3Ti1","714":"Cd1P2","715":"Cd1P2Si1","716":"Cd1P2Sn1","717":"Cd1P4","718":"Cd1S1","719":"Cd1S2","720":"Cd1S4Sc2","721":"Cd1S4Y2","722":"Cd1Sb1","723":"Cd1Sc2Se4","724":"Cd1Se1","725":"Cd1Se2","726":"Cd1Se4Y2","727":"Cd1Te1","728":"Cd1Te2Zn1","729":"Cd2Ge1O4","730":"Cd2K2O3","731":"Cd2Na14O9","732":"Cd2O4Si1","733":"Cd2O4Sn1","734":"Cd2P2Sr1","735":"Cd3O5Si1","736":"Cd4Ge1S6","737":"Cd4K6Se13Sn3","738":"Cd4S6Si1","739":"Cd4Se6Si1","740":"Cd6Sb12Sr11","741":"CdGeAs2","742":"CdS","743":"CdSe","744":"CdSnAs2","745":"CdSnSb2","746":"CdTe","747":"Co1Cr2O4","748":"Co1Cr2S4","749":"Co1Cr2Se4","750":"Co1Cu2Ge1S4","751":"Co1Cu2S4Si1","752":"Co1Cu2S4Sn1","753":"Co1Cu2Se4Sn1","754":"Co1Ga2S4","755":"Co1K2S2","756":"Co1K2Se2","757":"Co1K6S4","758":"Co1K6Se4","759":"Co1Mo2S4","760":"Co1Na2S2","761":"Co1Na6S4","762":"Co1Na6Se4","763":"Co1Rb2S2","764":"Co1Rb2Se2","765":"Co1Rh2S4","766":"Co2Ge3S3","767":"Co2Na5S5","768":"Co2Nb4Pd1Se12","769":"Co2O3Rb2","770":"Co3Rb2S4","771":"Co3S4","772":"Co3Se4","773":"Co9S8","774":"Co9Se8","775":"CoO","776":"CoSb3","777":"Cr1Ga1Se3","778":"Cr1K1S2","779":"Cr1La1S3","780":"Cr1La1Se3","781":"Cr1Mo2S4","782":"Cr1Na1O8W2","783":"Cr1Na1S2","784":"Cr1Na1Se2","785":"Cr1S1","786":"Cr1Se1","787":"Cr1Si1Te3","788":"Cr1Si2","789":"Cr2Fe1S4","790":"Cr2Hg1S4","791":"Cr2Mn1S4","792":"Cr2Mn1Se4","793":"Cr2Ni1S4","794":"Cr2O3","795":"Cr2S3","796":"Cr2S4Zn1","797":"Cr2Se3","798":"Cr2Se4Zn1","799":"Cr2Si2Te6","800":"Cr3Rb1S5","801":"Cr3S4","802":"Cr4Cu1Fe1S8","803":"Cr5K1S8","804":"Cr5K1Se8","805":"Cr5Na1Se8","806":"Cr5Rb1S8","807":"Cr5Rb1Se8","808":"Cs1Ga1S2","809":"Cs1Ga1S3","810":"Cs1Ga3S5","811":"Cs1Ge1S5Ta1","812":"Cs1In5S8","813":"Cs1K5S17Sn5Zn4","814":"Cs1La1S2","815":"Cs1Na1S1","816":"Cs1S2Sb1","817":"Cs1S6Sb1","818":"Cs2Hg6S7","819":"Cs2S1","820":"Cs2S2","821":"Cs2S3","822":"Cs2S3Ti1","823":"Cs2S4Zn3","824":"Cs2S5","825":"Cs2S6Sn2","826":"Cs2S8Sb4","827":"Cs3S4Sb1","828":"Cs3S4Ta1","829":"Cs4S14Ti3","830":"Cs4S14Zr3","831":"Cs4S6Si2","832":"Cs6S27Ti6","833":"CsBr","834":"CsCl","835":"CsI","836":"Cu1Fe1S2","837":"Cu1Fe1Se2","838":"Cu1Fe2In1Se4","839":"Cu1Fe2S3","840":"Cu1Ga1S2","841":"Cu1Ga1Se2","842":"Cu1Ga1Te2","843":"Cu1Ga3K2Se6","844":"Cu1Ge1La3S7","845":"Cu1Ge1S7Y3","846":"Cu1Hf1K1S3","847":"Cu1Hf1Na1Se3","848":"Cu1Hf2Na1Se5","849":"Cu1In1La2Se5","850":"Cu1In1O8W2","851":"Cu1In1S2","852":"Cu1In1Se2","853":"Cu1In1Te2","854":"Cu1In3K2Se6","855":"Cu1K1Na2O2","856":"Cu1K1Pd1Se5","857":"Cu1K1S1","858":"Cu1K1S3Zr1","859":"Cu1K1S4Y2","860":"Cu1K1Se1","861":"Cu1K1Se3Zr1","862":"Cu1K1Te1","863":"Cu1K2Nb1S4","864":"Cu1K2Nb1Se4","865":"Cu1K2Se4V1","866":"Cu1La1Se2","867":"Cu1La2S4","868":"Cu1La3S7Si1","869":"Cu1La3S7Sn1","870":"Cu1La3Se7Si1","871":"Cu1La3Se7Sn1","872":"Cu1Na1S3Ti1","873":"Cu1Na1S3Zr1","874":"Cu1Na1Se1","875":"Cu1Na1Se3Zr1","876":"Cu1Na1Te3Zr1","877":"Cu1Na3Se4Sn1","878":"Cu1Nb1Rb2S4","879":"Cu1Nb1Rb2Se4","880":"Cu1O2Rb3","881":"Cu1Pd1Rb1Se5","882":"Cu1Rb1Se4","883":"Cu1Rb2S4V1","884":"Cu1S2Sc1","885":"Cu1S2Y1","886":"Cu1S7Si1Y3","887":"Cu1S7Sn1Y3","888":"Cu1Se7Si1Y3","889":"Cu2Fe1Ge1S4","890":"Cu2Fe1Ge1Se4","891":"Cu2Fe1S4Sn1","892":"Cu2Fe1Se4Si1","893":"Cu2Fe1Se4Sn1","894":"Cu2Ge1Hg1S4","895":"Cu2Ge1Mn1S4","896":"Cu2Ge1S3","897":"Cu2Ge1S4Sr1","898":"Cu2Ge1S4Zn1","899":"Cu2Ge1Se4Zn1","900":"Cu2Hf1Te3","901":"Cu2Hg1S4Si1","902":"Cu2Hg1S4Sn1","903":"Cu2Hg1Se4Si1","904":"Cu2Hg1Se4Sn1","905":"Cu2Hg1Si1Te4","906":"Cu2In2S6Si1","907":"Cu2In2Se4","908":"Cu2K1Nb1Se4","909":"Cu2K1S4V1","910":"Cu2K1Se4V1","911":"Cu2La6S14Si2","912":"Cu2Mn1S4Si1","913":"Cu2Mn1S4Sn1","914":"Cu2Mn1Se4Sn1","915":"Cu2Na1Nb1S4","916":"Cu2Na2S4Zr1","917":"Cu2O","918":"Cu2Pb1S4Si1","919":"Cu2Pt4S8","920":"Cu2Rb1S4V1","921":"Cu2Rb2S4Ti1","922":"Cu2Rb2S6Sn2","923":"Cu2S1","924":"Cu2S3Si1","925":"Cu2S3Sn1","926":"Cu2S4Si1Zn1","927":"Cu2S4Sn1Sr1","928":"Cu2S4Sn1Zn1","929":"Cu2Se1","930":"Cu2Se3Si1","931":"Cu2Se3Sn1","932":"Cu2Se4Si1Zn1","933":"Cu2Se4Sn1Zn1","934":"Cu2Si1Te4Zn1","935":"Cu2Te3Ti1","936":"Cu2Te3Zr1","937":"Cu3K1S2","938":"Cu3K1Te2","939":"Cu3Na1Te2","940":"Cu3Nb1S4","941":"Cu3Nb1Se4","942":"Cu3Nb1Te4","943":"Cu3Rb1S2","944":"Cu3S4V1","945":"Cu3Se4V1","946":"Cu3Te4V1","947":"Cu4K2Se9Y4","948":"Cu4Na2S3","949":"Cu4S4Sn1","950":"Cu4S4Ti1","951":"Cu6Ge1S8W1","952":"Cu8Ge1S6","953":"Cu8K4Te11","954":"Cu8S6Si1","955":"Cu8Se6Si1","956":"CuAlSe2","957":"CuAlTe2","958":"CuBr","959":"CuBS2","960":"CuCl","961":"CuF","962":"CuGaTe2","963":"CuI","964":"CuInTe2","965":"Fe1Ga2S4","966":"Fe1Ga2Se4","967":"Fe1K1S2","968":"Fe1K1Se2","969":"Fe1K3Se3","970":"Fe1La3Mn1S7","971":"Fe1Mo1O4","972":"Fe1Mo2S4","973":"Fe1Mo3S4","974":"Fe1Na3O3","975":"Fe1Na3Se3","976":"Fe1Na6S4","977":"Fe1Na6Se4","978":"Fe1Nb1Te2","979":"Fe1Rb1S2","980":"Fe1Rb1Se2","981":"Fe1Rh2Se4","982":"Fe1S1","983":"Fe1S2","984":"Fe1S4Sc2","985":"Fe1Se1","986":"Fe1Si1","987":"Fe1Si2","988":"Fe2Ga2S5","989":"Fe2Ge1S4","990":"Fe2K1S3","991":"Fe2K3Se4","992":"Fe2K4O5","993":"Fe2Na3S4","994":"Fe2Na3Se4","995":"Fe2O3","996":"Fe2Rb1S3","997":"Fe2Rb1Se3","998":"Fe2Rb1Te3","999":"Fe2Rb3S4","1000":"Fe2Rb3Se4","1001":"Fe2S4Si1","1002":"Fe2Sc1Si2","1003":"Ga1Ge1K1S4","1004":"Ga1Ge1N1Sr2","1005":"Ga1In1O3","1006":"Ga1In1O5Zn2","1007":"Ga1In1O7Zn4","1008":"Ga1In1S3","1009":"Ga1In1Se3","1010":"Ga1K1Sb4","1011":"Ga1K2Na1P2","1012":"Ga1K6Na3Sb4","1013":"Ga1La1O3","1014":"Ga1La2N3","1015":"Ga1Li1S2","1016":"Ga1Mo4S8","1017":"Ga1Mo4S8Si1","1018":"Ga1Mo4Se8","1019":"Ga1N1","1020":"Ga1N3Sr3","1021":"Ga1N5Sr6","1022":"Ga1Na1O2","1023":"Ga1Na1O6Si2","1024":"Ga1Na3P4Sr3","1025":"Ga1Nb4S8","1026":"Ga1Nb4Se8","1027":"Ga1O3Y1","1028":"Ga1O6Y3","1029":"Ga1P1","1030":"Ga1S1","1031":"Ga1S2Tl1","1032":"Ga1S6Y3","1033":"Ga1Se1","1034":"Ga1Se8V4","1035":"Ga1Te1","1036":"Ga2Ge1Li2S6","1037":"Ga2Ge4O14Pb3","1038":"Ga2Hg1S4","1039":"Ga2Hg1Se4","1040":"Ga2Hg1Te4","1041":"Ga2K2Na4O6","1042":"Ga2K6O6","1043":"Ga2K6S6","1044":"Ga2K6Se6","1045":"Ga2K6Te6","1046":"Ga2Mg1O4","1047":"Ga2Mn1S4","1048":"Ga2Na6Se6","1049":"Ga2Ni1S4","1050":"Ga2Ni1S4","1051":"Ga2O3","1052":"Ga2O4Pb1","1053":"Ga2O4Zn1","1054":"Ga2O6Rb6","1055":"Ga2P4Sr3","1056":"Ga2Pb1Se4","1057":"Ga2S3","1058":"Ga2S4Sr1","1059":"Ga2S4Zn1","1060":"Ga2Se3","1061":"Ga2Se4Sr1","1062":"Ga2Se4Zn1","1063":"Ga2Sr1Te4","1064":"Ga2Te4Zn1","1065":"Ga2Te5","1066":"Ga3N5Sr3","1067":"Ga4Ge1O8","1068":"Ga4O7Sr1","1069":"Ga4O8Ti1","1070":"Ga5La3O14Sn1","1071":"GaAs","1072":"GaCuS2","1073":"GaCuSe2","1074":"GaCuTe2","1075":"GaN","1076":"GaP","1077":"GaSb","1078":"Ge1Hf1O4","1079":"Ge1Hg2O4","1080":"Ge1In2Li2S6","1081":"Ge1K1La1S4","1082":"Ge1K1Na1O3","1083":"Ge1K1S4Y1","1084":"Ge1K3S3","1085":"Ge1K4O4","1086":"Ge1La2Mg1O6","1087":"Ge1Li2Pb1S4","1088":"Ge1Li4S4","1089":"Ge1Mg1N2","1090":"Ge1Mg1O3","1091":"Ge1Mg1P2","1092":"Ge1Mg2O4","1093":"Ge1Mg2S4","1094":"Ge1Mn1O3","1095":"Ge1N2Sr2","1096":"Ge1N2Zn1","1097":"Ge1Na1O4Y1","1098":"Ge1Na2O3","1099":"Ge1Na2O4Zn1","1100":"Ge1Na2O5Ti1","1101":"Ge1Na2S3","1102":"Ge1Na4O4","1103":"Ge1Ni2O4","1104":"Ge1O1Sr3","1105":"Ge1O2","1106":"Ge1O3Pb1","1107":"Ge1O3Sr1","1108":"Ge1O3Zn1","1109":"Ge1O4Sr2","1110":"Ge1O4Zr1","1111":"Ge1O5Pb3","1112":"Ge1O8Zr3","1113":"Ge1P1","1114":"Ge1P2Zn1","1115":"Ge1Pb1S3","1116":"Ge1Pb1S4Tl2","1117":"Ge1Pb2S4","1118":"Ge1Pt1S1","1119":"Ge1Rb1S5Ta1","1120":"Ge1S1","1121":"Ge1S2","1122":"Ge1S2Tl1","1123":"Ge1S3Sn1","1124":"Ge1S4Sr2","1125":"Ge1S4Tl4","1126":"Ge2Hg3K2S8","1127":"Ge2In1K1O6","1128":"Ge2In2O7","1129":"Ge2K2O6Zn1","1130":"Ge2K2O7Pb2","1131":"Ge2K2O7Zr1","1132":"Ge2K2Pb1S6","1133":"Ge2K6O7","1134":"Ge2K6S6","1135":"Ge2La2O7","1136":"Ge2Mg1O7Sr2","1137":"Ge2N3Na1","1138":"Ge2N4Si1","1139":"Ge2N6Sr5","1140":"Ge2Na1O6Sc1","1141":"Ge2Na2O7Zr1","1142":"Ge2Na6S7","1143":"Ge2O7Rb6","1144":"Ge2O7Sr2Zn1","1145":"Ge2Rb4S6","1146":"Ge2S6Tl4","1147":"Ge3La2O9","1148":"Ge3N4","1149":"Ge3Na1P3","1150":"Ge3Nb1O9Rb1","1151":"Ge4O9Pb1","1152":"Ge4S10Tl4","1153":"GeC","1154":"GeZnAs2","1155":"GeZnP2","1156":"Hf1N2Sr1","1157":"Hf1O2","1158":"Hf1O3Pb1","1159":"Hf1O3Sr1","1160":"Hf1O4Si1","1161":"Hf1Pb1S3","1162":"Hf1S2","1163":"Hf1S3","1164":"Hf1S3Sn1","1165":"Hf1S4Tl4","1166":"Hf1Se2","1167":"Hf1Se3","1168":"Hf1Te2","1169":"Hf1Te5","1170":"Hf2La2O7","1171":"Hf2O7Y2","1172":"Hf3N4","1173":"Hf5K4O12","1174":"HfC","1175":"HfCoSb","1176":"HfNiSn","1177":"Hg1In2S4","1178":"Hg1In2Se4","1179":"Hg1In2Te4","1180":"Hg1K1S3Sb1","1181":"Hg1K2O2","1182":"Hg1K2S2","1183":"Hg1K2Se4Sn1","1184":"Hg1K4P2","1185":"Hg1K6S4","1186":"Hg1K6Se4","1187":"Hg1Mo1O4","1188":"Hg1N6","1189":"Hg1Na2O2","1190":"Hg1Na4P2","1191":"Hg1O1","1192":"Hg1O2","1193":"Hg1O2Rb2","1194":"Hg1O2Sr1","1195":"Hg1O3Ti1","1196":"Hg1O3V1","1197":"Hg1Rb6S4","1198":"Hg1Rb6Se4","1199":"Hg1S1","1200":"Hg1Se1","1201":"Hg1Te1","1202":"Hg2N6","1203":"Hg2Se4Sn1","1204":"Hg3K2S8Sn2","1205":"Hg3Rb2S8Sn2","1206":"Hg3S4Tl2","1207":"Hg4S6Si1","1208":"Hg4Se6Si1","1209":"Hg6O7Si2","1210":"HgSe","1211":"HgSiP2","1212":"HgTe","1213":"In1K1O2","1214":"In1K1Te2","1215":"In1K2Na1P2","1216":"In1K2Na1Sb2","1217":"In1K3P2","1218":"In1La1O3","1219":"In1Li1S2","1220":"In1Na1O2","1221":"In1Na1O6Si2","1222":"In1Na1S2","1223":"In1Na1Se2","1224":"In1Na1Te2","1225":"In1Na5O4","1226":"In1Na5S4","1227":"In1O3Y1","1228":"In1P1","1229":"In1P3Sr3","1230":"In1Rb1Te2","1231":"In1S1","1232":"In1S2Tl1","1233":"In1S3Sb1","1234":"In1Se1","1235":"In1Si1Te3","1236":"In2Li2S6Si1","1237":"In2Mg1O4","1238":"In2Mg1S4","1239":"In2Mn1Te4","1240":"In2Na6S6","1241":"In2O3","1242":"In2O4Sr1","1243":"In2O5Sr2","1244":"In2O7Si2","1245":"In2P2Sr1","1246":"In2P4Sr3","1247":"In2Pb1S4","1248":"In2Rb4S5","1249":"In2Rb6S6","1250":"In2S3","1251":"In2S4Zn1","1252":"In2S7Sn3","1253":"In2Sb6Sr5","1254":"In2Se3","1255":"In2Se4Zn1","1256":"In2Sr1Te4","1257":"In2Te4Zn1","1258":"In2Te5","1259":"In3Rb1S5","1260":"In3S5Tl1","1261":"In4O7Rb2","1262":"In4Se3","1263":"In4Te3","1264":"In5K1S8","1265":"In5Rb1S8","1266":"In5S6Tl1","1267":"In5S7Tl1","1268":"In6S7","1269":"In6Se7","1270":"InAs","1271":"InLiTe2","1272":"InP","1273":"InSb","1274":"InTe","1275":"Ir1Nb1Te4","1276":"Ir1S2","1277":"Ir1Se2","1278":"K1La1Na1Nb1O5","1279":"K1La1O2","1280":"K1La1O4Ti1","1281":"K1La1S2","1282":"K1La1S4Si1","1283":"K1La1Se4Si1","1284":"K1La1Te2","1285":"K1Li1S1","1286":"K1Mg1P1","1287":"K1Mg1Sb1","1288":"K1Mo3S3","1289":"K1Mo3Te3","1290":"K1N3","1291":"K1Na1O1","1292":"K1Na1O2Zn1","1293":"K1Na1O3Ti1","1294":"K1Na1S1","1295":"K1Na1Se1","1296":"K1Na1Te1","1297":"K1Na2Sb1","1298":"K1Nb1S2","1299":"K1Nb1Se2","1300":"K1O2Sc1","1301":"K1O2Y1","1302":"K1P1","1303":"K1P1Zn1","1304":"K1P3Zn4","1305":"K1Rb1S1","1306":"K1S2Sb1","1307":"K1S4Si1Y1","1308":"K1Sb1","1309":"K1Sb1Zn1","1310":"K1Te2Y1","1311":"K2La2O10Ti3","1312":"K2Mn1S2","1313":"K2Mn1Se2","1314":"K2Mn1Te2","1315":"K2Mo1S4","1316":"K2Mo3O10","1317":"K2Mo3Se18","1318":"K2Ni3S4","1319":"K2Ni3Se4","1320":"K2O1","1321":"K2O13Ti6","1322":"K2O15Si6Ti1","1323":"K2O2","1324":"K2O2Pb1","1325":"K2O2Zn1","1326":"K2O3Pb1","1327":"K2O3Pb2","1328":"K2O3Sn1","1329":"K2O3Sn2","1330":"K2O3Ti1","1331":"K2O3Zr1","1332":"K2O4Zn3","1333":"K2O5Ti2","1334":"K2O6Si2Zn1","1335":"K2O7W2","1336":"K2O7Zn6","1337":"K2O9Si3Sn1","1338":"K2O9Si3Ti1","1339":"K2O9Si3Zr1","1340":"K2O9Si4","1341":"K2P2Si1","1342":"K2Pd1S2","1343":"K2Pd1Se2","1344":"K2Pd1Te2","1345":"K2Pd3S4","1346":"K2Pd3Se4","1347":"K2Pt1S2","1348":"K2Pt1Se2","1349":"K2Pt1Te2","1350":"K2Pt4S6","1351":"K2Pt4Se6","1352":"K2S1","1353":"K2S2","1354":"K2S3","1355":"K2S3Ti1","1356":"K2S5Sn2","1357":"K2S7Sb4","1358":"K2Se1","1359":"K2Se2","1360":"K2Se3","1361":"K2Se4Sn2","1362":"K2Se4W1","1363":"K2Se5Sn2","1364":"K2Se8Sn4","1365":"K2Te1","1366":"K2Te2","1367":"K2Te2Zn1","1368":"K2Te3","1369":"K2Te3Zr1","1370":"K3Mn1O4","1371":"K3Na1Se8Sn3","1372":"K3Nb1S4","1373":"K3Nb1Se4","1374":"K3O7Sc1Si2","1375":"K3P1","1376":"K3S3Sb1","1377":"K3S4Sb1","1378":"K3S4Ta1","1379":"K3S4V1","1380":"K3Sb1","1381":"K4O12Zr5","1382":"K4O18Si6Sn2","1383":"K4O18Si8","1384":"K4O4Pb1","1385":"K4O4Sn1","1386":"K4O7V2","1387":"K4P2Zn1","1388":"K4P6","1389":"K4S11Ta2","1390":"K4Se6Sn2","1391":"K4Se8Sn3","1392":"K6Mg1O4","1393":"K6Mn1S4","1394":"K6Mn1Se4","1395":"K6Mn1Te4","1396":"K6O5Pb2","1397":"K6O7Si2","1398":"K6O7Ti2","1399":"K6Se6Sn2","1400":"K6Si2Te6","1401":"KBr","1402":"KCl","1403":"KF","1404":"KI","1405":"La1Mn7O12","1406":"La1Mo6S8","1407":"La1N1","1408":"La1Na1O4Ti1","1409":"La1O2Rb1","1410":"La1O3Sc1","1411":"La1O3Y1","1412":"La1O4V1","1413":"La1P1","1414":"La1P2","1415":"La1P5","1416":"La1Rb1S2","1417":"La1Rb1S4Si1","1418":"La1Rb1Se2","1419":"La1S2","1420":"La1S3Sc1","1421":"La1Se2","1422":"La1Te2","1423":"La2Mo1O6","1424":"La2Na2O10Ti3","1425":"La2O3","1426":"La2O7Sn2","1427":"La2O7Ti2","1428":"La2O7Zr2","1429":"La2O9Si1Ti2","1430":"La2S3","1431":"La4O12Ti3","1432":"Li1Na1S1","1433":"Li1Rb1S1","1434":"Li1Rb2S4Ta1","1435":"Li1S2Sb1","1436":"Li1S2Y1","1437":"Li2O","1438":"Li2S1","1439":"Li2S4Sn1Zn1","1440":"Li3Na5S8Ti2","1441":"LiAlTe2","1442":"LiBr","1443":"LiF","1444":"LiGaTe2","1445":"LiH","1446":"LiInSe2","1447":"LiInTe2","1448":"Mg1N2Si1","1449":"Mg1N2Si1","1450":"Mg1Na1Sb1","1451":"Mg1Na2O4Si1","1452":"Mg1O1","1453":"Mg1O2","1454":"Mg1O3Si1","1455":"Mg1O3Ti1","1456":"Mg1O4Ti2","1457":"Mg1O5V2","1458":"Mg1O7Si2Sr2","1459":"Mg1P2Si1","1460":"Mg1P4","1461":"Mg1S1","1462":"Mg1S4Sc2","1463":"Mg1Sc2Se4","1464":"Mg1Se1","1465":"Mg1Se2","1466":"Mg1Se4Y2","1467":"Mg1Si1Sr1","1468":"Mg1Te1","1469":"Mg1Te2","1470":"Mg2Ge","1471":"Mg2N2Sr1","1472":"Mg2O4Si1","1473":"Mg2O4Sn1","1474":"Mg2Sb2Sr1","1475":"Mg2Si","1476":"Mg2Si1","1477":"Mg2Sn","1478":"Mg3O8V2","1479":"Mg3P2","1480":"Mg3Sb2","1481":"MgCN2","1482":"MgGeAs2","1483":"MgO","1484":"MgSe","1485":"MgSiSb2","1486":"Mn1Mo6Se8","1487":"Mn1Na6S4","1488":"Mn1Na6Se4","1489":"Mn1Na6Te4","1490":"Mn1Nb3S6","1491":"Mn1O3Ti1","1492":"Mn1Rb2S2","1493":"Mn1Rb2Se2","1494":"Mn1Rb2Te2","1495":"Mn1S1","1496":"Mn1S2","1497":"Mn1S4Sc2","1498":"Mn1Sc2Se4","1499":"Mn1Se1","1500":"Mn1Se2","1501":"Mn1Te1","1502":"Mn1Te2","1503":"Mn2Na2S3","1504":"Mn2Na2Se3","1505":"Mn2S4Si1","1506":"Mn2S4Sn1","1507":"Mn2Se4Si1","1508":"Mn3Rb2S4","1509":"Mn3Rb2Se4","1510":"MnO","1511":"Mo1Rb2S4","1512":"Mo1Rb2Se4","1513":"Mo1Se2","1514":"Mo1Te2","1515":"Mo2S3","1516":"Mo2S4V1","1517":"Mo3Na1Se3","1518":"Mo3Na1Te3","1519":"Mo3Rb1S3","1520":"Mo3Rb1Se3","1521":"Mo3Rb1Te3","1522":"Mo6S8Sr1","1523":"Mo6S8Y1","1524":"Mo6Se8Sn1","1525":"Mo9Se11","1526":"N1Na1Sn1","1527":"N1Sc1","1528":"N1Y1","1529":"N2Si1Sr1","1530":"N2Si1Zn1","1531":"N2Sr1Ti1","1532":"N2Sr1Zr1","1533":"N2Sr2Zn1","1534":"N3Na1","1535":"N3Na1Si2","1536":"N3Rb1","1537":"N4Si3","1538":"N4Sn3","1539":"N4Zr3","1540":"N6Sr1","1541":"N7Si4Sr1Y1","1542":"N8Si5Sr2","1543":"N8Si6Sr1","1544":"Na1Nb1S2","1545":"Na1Nb1Se2","1546":"Na1O1Rb1","1547":"Na1O2Sc1","1548":"Na1O2Y1","1549":"Na1O3Rb1Ti1","1550":"Na1O4Si1Y1","1551":"Na1O4Ti1Y1","1552":"Na1O6Sc1Si2","1553":"Na1O6Si2Ti1","1554":"Na1P1","1555":"Na1P1Sn1","1556":"Na1P1Sr1","1557":"Na1P1Zn1","1558":"Na1P5","1559":"Na1Rb1S1","1560":"Na1S1","1561":"Na1S2Sb1","1562":"Na1S2V1","1563":"Na1S2Y1","1564":"Na1S7Si1Y3","1565":"Na1Sb1","1566":"Na1Si1","1567":"Na2O1","1568":"Na2O13Ti6","1569":"Na2O19Ti9","1570":"Na2O2","1571":"Na2O2Zn1","1572":"Na2O3Si1","1573":"Na2O3Ti1","1574":"Na2O3Zn2","1575":"Na2O4Si1Zn1","1576":"Na2O5Si1Ti1","1577":"Na2O6Si2Zn1","1578":"Na2O7Si2Zn2","1579":"Na2O7Si2Zr1","1580":"Na2O7Si3","1581":"Na2O7Ti3","1582":"Na2O8Si3Zn1","1583":"Na2Pd1S2","1584":"Na2Pt1S2","1585":"Na2Pt1Se2","1586":"Na2Pt4Se6","1587":"Na2S1","1588":"Na2S2","1589":"Na2S2Zn1","1590":"Na2S4","1591":"Na2S5","1592":"Na2Se1","1593":"Na2Se2","1594":"Na2Se3Sn1","1595":"Na2Se3Zr1","1596":"Na2Se4","1597":"Na2Te1","1598":"Na3P1","1599":"Na3S3Sb1","1600":"Na3S4Sb1","1601":"Na3Sb1","1602":"Na4O12Ti5","1603":"Na4O3Sn1","1604":"Na4O4Pb1","1605":"Na4O4Si1","1606":"Na4O4Sn1","1607":"Na4O4Ti1","1608":"Na4O9Si3Sr1","1609":"Na4S4Sn1","1610":"Na4S8Sn3","1611":"Na4Se4Sn1","1612":"Na4Si4","1613":"Na6O4Zn1","1614":"Na6O5Pb1","1615":"Na6S4Zn1","1616":"Na6S7Sn2","1617":"Na6Se7Si2","1618":"Na6Si2Te6","1619":"NaBr","1620":"NaCl","1621":"NaF","1622":"NaI","1623":"Nb1Rb3S4","1624":"Nb1S3","1625":"Nb1Se2","1626":"Nb2Pd3Se8","1627":"Nb2Se3","1628":"Nb2Se9","1629":"Nb3S6Ti1","1630":"Ni1S1","1631":"Ni1S8V4","1632":"Ni3Rb2Se4","1633":"NiO","1634":"NiSnZr","1635":"O10Sr4Ti3","1636":"O13Rb2Ti6","1637":"O14Si4Sr2Ti2","1638":"O1Pb1","1639":"O1Rb2","1640":"O1Si1Sr3","1641":"O1Sn1","1642":"O1Sr1","1643":"O1Zn1","1644":"O2Pb1","1645":"O2Pb1Rb2","1646":"O2Rb1Sc1","1647":"O2Rb1Y1","1648":"O2Rb2","1649":"O2Rb2Sn1","1650":"O2Si1","1651":"O2Sn1","1652":"O2Sr1","1653":"O2Sr1Zn1","1654":"O2Ti1","1655":"O2Zn1","1656":"O2Zr1","1657":"O3","1658":"O3Pb1Rb2","1659":"O3Pb1Ti1","1660":"O3Pb1Zr1","1661":"O3Pb2","1662":"O3Rb1","1663":"O3Rb2Sn2","1664":"O3Rb2Ti1","1665":"O3Sc2","1666":"O3Si1Sr1","1667":"O3Si1Zn1","1668":"O3Sn1Sr1","1669":"O3Sn1Zn1","1670":"O3Sr1Ti1","1671":"O3Sr1Zr1","1672":"O3Ti1Zn1","1673":"O3Ti2","1674":"O3Y2","1675":"O4Pb1Sr2","1676":"O4Pb2Sn1","1677":"O4Pb3","1678":"O4Rb2Zn3","1679":"O4Rb4Sn1","1680":"O4Si1Sr2","1681":"O4Si1Ti1","1682":"O4Si1Zn2","1683":"O4Si1Zr1","1684":"O4Sn1Sr2","1685":"O4Sn2Ti1","1686":"O4Sr1Y2","1687":"O7Pb1Ti3","1688":"O7Pb4Rb2","1689":"O7Rb6Si2","1690":"O7Sc2Si2","1691":"O7Si2Sr2Zn1","1692":"O7Si2Y2","1693":"O7Sn2Sr3","1694":"O7Sn2Y2","1695":"O7Sr3Ti2","1696":"O7Sr3Zr2","1697":"O7Ti2Y2","1698":"O7Y2Zr2","1699":"O8","1700":"O8Si1Sn6","1701":"O9Rb2Si3Sn1","1702":"O9Rb2Si3Ti1","1703":"O9Si3Sr3","1704":"P1Si1","1705":"P1Sr1","1706":"P2Si1","1707":"P2Si1Zn1","1708":"P2Sn1Zn1","1709":"P2Sr1Zn2","1710":"P2Zn1","1711":"P3Rb1Zn4","1712":"P3Rb2","1713":"P3Sr1","1714":"P4Sr3","1715":"P4Zn1","1716":"P5Y1","1717":"P6Rb4","1718":"P6Sn2Sr5","1719":"Pb1S1","1720":"Pb1S3Sn1","1721":"Pb1S3Zr1","1722":"Pb1S4Sc2","1723":"Pb1Sc2Se4","1724":"Pb1Se1","1725":"Pb1Te1","1726":"Pb2S4Si1","1727":"Pb2S5Sb2","1728":"Pb2Se4Si1","1729":"Pb4S13Sb6","1730":"PbS","1731":"PbSe","1732":"Pd1Rb2Se2","1733":"Pd1Rb2Te2","1734":"Pd1S1","1735":"Pd1Se1","1736":"Pd1Se2","1737":"Pd3Rb2S4","1738":"Pd3Rb2Se4","1739":"Pt1Rb2S2","1740":"Pt1Rb2Se2","1741":"Pt1Rb2Te2","1742":"Pt1S1","1743":"Pt1Se1Si1","1744":"Pt1Si1Te1","1745":"Pt3Rb2S4","1746":"Pt4Rb2Se6","1747":"Rb1S2Sb1","1748":"Rb1S8V5","1749":"Rb1Sb1","1750":"Rb1Sb2","1751":"Rb1Sc5Te8","1752":"Rb1Se2V1","1753":"Rb1Te2Y1","1754":"Rb2S1","1755":"Rb2S2","1756":"Rb2S3","1757":"Rb2S4W1","1758":"Rb2S4Zn3","1759":"Rb2S5","1760":"Rb2S7Sb4","1761":"Rb2Se1","1762":"Rb2Se2","1763":"Rb2Se3","1764":"Rb2Se4W1","1765":"Rb2Se5","1766":"Rb2Se5Sn2","1767":"Rb2Te1","1768":"Rb2Te2","1769":"Rb2Te3","1770":"Rb2Te3Zr1","1771":"Rb2Te5","1772":"Rb3S4Sb1","1773":"Rb3S4Ta1","1774":"Rb3S4V1","1775":"Rb3Sb1","1776":"Rb4S6Si2","1777":"Rb4Sb4","1778":"Rb4Se6Sn2","1779":"RbBr","1780":"RbCl","1781":"RbF","1782":"RbI","1783":"Rh2S3","1784":"Ru1S2","1785":"Ru1Se2","1786":"Ru1Te2","1787":"S11Ta2Tl4","1788":"S12Sn5Tl4","1789":"S13Sb6Sn4","1790":"S1Sn1","1791":"S1Sr1","1792":"S1Tl1","1793":"S1V1","1794":"S1V3","1795":"S1Zn1","1796":"S2Sb1Tl1","1797":"S2Sc1Tl1","1798":"S2Si1","1799":"S2Sn1","1800":"S2Sr1","1801":"S2Ti1","1802":"S2Tl2","1803":"S2Y1","1804":"S2Zn1","1805":"S2Zr1","1806":"S3Sb1Tl3","1807":"S3Sb2","1808":"S3Sc1Y1","1809":"S3Sc2","1810":"S3Sn1Tl2","1811":"S3Sn1Zr1","1812":"S3Sn2","1813":"S3Sn2Tl2","1814":"S3Sr1","1815":"S3Sr1Zr1","1816":"S3Sr2Zn1","1817":"S3Ta1Tl1","1818":"S3Ti1","1819":"S3Y2","1820":"S3Zr1","1821":"S4Sc2Sr1","1822":"S4Sc2Zn1","1823":"S4Si1Sr2","1824":"S4Sn1Sr2","1825":"S4Sn1Tl4","1826":"S4Sr1Y2","1827":"S4Ta1Tl3","1828":"S4Ti1Tl4","1829":"S4Tl4Zr1","1830":"S4V3","1831":"S4V5","1832":"S4Y2Zn1","1833":"S5Sb2Sn2","1834":"S5Sb3Tl1","1835":"S6Si2Tl4","1836":"S7Sb4Sn1","1837":"S8V5","1838":"Sb1Zn1","1839":"Sb2O3","1840":"Sb2Te3","1841":"Sb3Ir","1842":"Sc2O3","1843":"Sc2Se3","1844":"Sc2Te3","1845":"ScP","1846":"Se1","1847":"Se1Sn1","1848":"Se1Sr1","1849":"Se1V1","1850":"Se1Zn1","1851":"Se2Si1","1852":"Se2Sn1","1853":"Se2W1","1854":"Se2Zn1","1855":"Se3Sr1Zr1","1856":"Se3Y2","1857":"Se3Zr1","1858":"Se4Sr1Y2","1859":"Se4Ti1Zr1","1860":"Se4Y2Zn1","1861":"Se6","1862":"Se9V2","1863":"Si","1864":"Si1Sn1","1865":"Si1Sr2","1866":"Si3Sr5","1867":"SiC","1868":"SiO2","1869":"SiZnAs2","1870":"SnC","1871":"SnO2","1872":"SnTe","1873":"SnZnP2","1874":"SnZnSb2","1875":"Sr1Te1","1876":"SrO","1877":"SrTiO3","1878":"Te1","1879":"Te1V1","1880":"Te1Zn1","1881":"Te4V5","1882":"TePb","1883":"TiCoSb","1884":"TiNiSn","1885":"VFeSb","1886":"VN","1887":"YN","1888":"ZnGeAs2","1889":"ZnGeP2","1890":"ZnO","1891":"ZnS","1892":"ZnSb","1893":"ZnSe","1894":"ZnSiAs2","1895":"ZnSnP2","1896":"ZnSnSb2","1897":"ZnTe","1898":"ZrC","1899":"ZrCoSb"},"kL":{"0":8.41,"1":3.6,"2":1.51,"3":1.91,"4":1.48,"5":1.5,"6":4.03,"7":7.26,"8":14.44,"9":1.2,"10":7.62,"11":3.69,"12":1.62,"13":6.53,"14":4.16,"15":3.24,"16":2.26,"17":0.77,"18":3.18,"19":3.57,"20":2.59,"21":1.15,"22":1.41,"23":1.04,"24":1.13,"25":1.19,"26":0.95,"27":2.39,"28":2.27,"29":1.75,"30":1.77,"31":1.14,"32":2.23,"33":0.95,"34":0.75,"35":0.66,"36":0.99,"37":0.82,"38":0.8,"39":3.26,"40":2.04,"41":1.0,"42":1.9,"43":2.41,"44":2.52,"45":2.31,"46":1.56,"47":1.16,"48":2.59,"49":5.38,"50":2.08,"51":1.28,"52":1.52,"53":6.31,"54":2.26,"55":3.58,"56":2.0,"57":2.49,"58":1.45,"59":0.7,"60":1.05,"61":0.96,"62":5.51,"63":1.42,"64":1.21,"65":1.07,"66":1.0,"67":0.92,"68":0.97,"69":1.46,"70":1.13,"71":1.11,"72":0.91,"73":3.4,"74":3.05,"75":1.31,"76":1.35,"77":1.16,"78":1.94,"79":1.1,"80":1.55,"81":1.21,"82":1.72,"83":5.13,"84":1.1,"85":1.0,"86":6.29,"87":1.45,"88":2.89,"89":3.83,"90":3.55,"91":22.72,"92":1.29,"93":1.89,"94":2.12,"95":2.08,"96":18.86,"97":9.21,"98":1.16,"99":2.34,"100":7.59,"101":1.59,"102":2.8,"103":3.27,"104":28.87,"105":13.67,"106":7.25,"107":4.67,"108":3.36,"109":2.34,"110":1.6,"111":4.5,"112":3.12,"113":4.46,"114":1.03,"115":0.91,"116":1.68,"117":3.41,"118":1.15,"119":5.5,"120":3.15,"121":3.14,"122":3.65,"123":2.93,"124":6.49,"125":3.03,"126":15.07,"127":66.54,"128":10.43,"129":10.46,"130":13.83,"131":1.45,"132":1.04,"133":3.24,"134":3.37,"135":3.07,"136":29.42,"137":11.45,"138":2.4,"139":55.18,"140":8.1,"141":0.75,"142":1.14,"143":59.48,"144":1.39,"145":0.46,"146":1.17,"147":2.16,"148":3.84,"149":1.11,"150":9.33,"151":10.09,"152":18.42,"153":4.84,"154":1.42,"155":14.79,"156":7.03,"157":3.78,"158":3.37,"159":0.75,"160":15.81,"161":5.43,"162":2.96,"163":3.26,"164":1.17,"165":0.93,"166":11.06,"167":0.87,"168":0.37,"169":0.56,"170":8.33,"171":3.87,"172":1.87,"173":1.02,"174":1.35,"175":0.7,"176":19.33,"177":7.14,"178":6.86,"179":28.9,"180":31.48,"181":1.87,"182":2.66,"183":2.28,"184":3.87,"185":2.81,"186":3.6,"187":3.59,"188":1.78,"189":4.19,"190":0.3,"191":1.68,"192":1.56,"193":1.52,"194":20.37,"195":2.33,"196":4.03,"197":3.39,"198":10.41,"199":1.45,"200":98.0,"201":13.0,"202":7.25,"203":4.66,"204":2.71,"205":350.0,"206":90.0,"207":56.0,"208":1.15,"209":4.67,"210":3.35,"211":1.04,"212":11.44,"213":1.07,"214":1.41,"215":1.14,"216":2.53,"217":8.69,"218":4.57,"219":1.39,"220":1.55,"221":1.5,"222":1.44,"223":0.84,"224":0.43,"225":1.7,"226":2.44,"227":1.17,"228":1.19,"229":2.28,"230":1.41,"231":3.35,"232":1.65,"233":1.25,"234":1.31,"235":2.91,"236":4.57,"237":5.71,"238":1.81,"239":6.61,"240":1.04,"241":7.76,"242":4.51,"243":1.57,"244":2.41,"245":1.18,"246":2.05,"247":0.92,"248":1.1,"249":1.19,"250":1.11,"251":1.73,"252":9.5,"253":4.33,"254":1.41,"255":0.93,"256":0.88,"257":0.48,"258":9.19,"259":2.85,"260":2.48,"261":1.72,"262":1.19,"263":1.97,"264":2.16,"265":2.38,"266":1.63,"267":1.63,"268":2.2,"269":1.54,"270":1.86,"271":2.53,"272":1.61,"273":1.99,"274":15.41,"275":5.04,"276":1.44,"277":2.03,"278":1.81,"279":0.74,"280":1.53,"281":91.78,"282":22.04,"283":1.67,"284":0.62,"285":0.78,"286":8.89,"287":0.4,"288":12.36,"289":0.76,"290":2.22,"291":1.28,"292":0.7,"293":0.79,"294":0.57,"295":0.8,"296":0.69,"297":0.95,"298":0.75,"299":0.85,"300":0.93,"301":1.36,"302":3.56,"303":1.93,"304":2.24,"305":0.87,"306":1.95,"307":1.06,"308":1.01,"309":1.45,"310":0.93,"311":3.06,"312":1.4,"313":1.53,"314":0.76,"315":0.87,"316":12.53,"317":10.53,"318":0.6,"319":0.52,"320":0.46,"321":0.71,"322":0.82,"323":2.51,"324":3.77,"325":0.76,"326":0.9,"327":0.65,"328":4.89,"329":3.44,"330":3.47,"331":10.07,"332":0.68,"333":1.99,"334":0.82,"335":3.49,"336":0.46,"337":0.59,"338":2.31,"339":1.04,"340":0.66,"341":0.82,"342":0.7,"343":1.02,"344":1.18,"345":0.98,"346":1.81,"347":1.19,"348":1.51,"349":0.86,"350":1.44,"351":2.04,"352":2.79,"353":1.63,"354":1.16,"355":1.1,"356":1.03,"357":0.79,"358":0.63,"359":1.45,"360":0.93,"361":1.35,"362":2.51,"363":1.53,"364":2.68,"365":1.96,"366":1.47,"367":1.36,"368":2.02,"369":1.74,"370":1.09,"371":0.86,"372":1.5,"373":1.97,"374":3.21,"375":1.07,"376":1.67,"377":1.52,"378":10.49,"379":1.52,"380":5.63,"381":5.24,"382":0.98,"383":3.39,"384":1.44,"385":3.0,"386":2.71,"387":2.03,"388":1.41,"389":1.14,"390":2.69,"391":2.6,"392":1.9,"393":1.39,"394":2.49,"395":2.94,"396":2.25,"397":1.69,"398":1.42,"399":1.69,"400":1.52,"401":3.08,"402":1.12,"403":4.82,"404":7.3,"405":1.99,"406":1.35,"407":1.4,"408":1.34,"409":2.4,"410":1.85,"411":3.37,"412":5.46,"413":6.06,"414":1.72,"415":1.43,"416":1.44,"417":0.92,"418":1.84,"419":1.36,"420":2.29,"421":3.32,"422":2.39,"423":5.01,"424":2.36,"425":2.28,"426":2.1,"427":3.13,"428":7.2,"429":2.77,"430":5.27,"431":10.71,"432":3.7,"433":1.51,"434":3.05,"435":3.18,"436":1.22,"437":0.49,"438":7.05,"439":2.22,"440":2.94,"441":3.31,"442":3.35,"443":4.29,"444":3.72,"445":3.61,"446":7.64,"447":4.74,"448":6.77,"449":5.9,"450":7.19,"451":1.41,"452":2.54,"453":1.86,"454":1.64,"455":1.83,"456":2.36,"457":1.36,"458":4.67,"459":1.82,"460":1.23,"461":1.8,"462":3.56,"463":1.67,"464":0.83,"465":3.25,"466":2.5,"467":1.52,"468":1.73,"469":1.32,"470":1.44,"471":1.84,"472":1.43,"473":1.26,"474":1.27,"475":1.38,"476":1.3,"477":1.69,"478":0.9,"479":1.74,"480":1.31,"481":1.05,"482":1.75,"483":1.69,"484":1.3,"485":1.48,"486":1.42,"487":3.97,"488":2.8,"489":2.67,"490":1.48,"491":1.34,"492":8.07,"493":3.26,"494":1.76,"495":1.4,"496":14.05,"497":6.14,"498":2.86,"499":18.25,"500":2.52,"501":8.03,"502":2.5,"503":35.8,"504":2.82,"505":2.9,"506":1.55,"507":1.76,"508":1.49,"509":1.2,"510":1.57,"511":6.45,"512":1.11,"513":1.17,"514":1.31,"515":1.25,"516":1.43,"517":1.64,"518":4.7,"519":1.55,"520":1.63,"521":10.41,"522":1.74,"523":2.44,"524":2.41,"525":3.73,"526":3.81,"527":1.46,"528":2.38,"529":1.65,"530":2.15,"531":1.44,"532":1.46,"533":1.42,"534":2.14,"535":2.21,"536":2.0,"537":1.1,"538":1.12,"539":1.86,"540":1.97,"541":1.99,"542":1.78,"543":1.55,"544":2.3,"545":91.78,"546":16.33,"547":12.41,"548":2.21,"549":1.89,"550":1.62,"551":2.12,"552":109.63,"553":150.57,"554":148.35,"555":39.04,"556":12.59,"557":90.38,"558":30.36,"559":20.46,"560":2.66,"561":1.11,"562":0.79,"563":0.75,"564":0.84,"565":0.82,"566":0.84,"567":0.82,"568":1.02,"569":0.64,"570":3.07,"571":2.38,"572":0.97,"573":1.65,"574":1.77,"575":1.09,"576":1.21,"577":1.96,"578":1.28,"579":1.2,"580":0.91,"581":0.8,"582":1.08,"583":1.38,"584":1.0,"585":0.87,"586":1.34,"587":1.6,"588":1.0,"589":1.59,"590":0.92,"591":403.12,"592":274.91,"593":71.49,"594":1079.91,"595":3.82,"596":1.97,"597":5.99,"598":6.05,"599":5.06,"600":2.67,"601":13.18,"602":5.66,"603":10.22,"604":11.32,"605":8.97,"606":9.93,"607":20.82,"608":3.15,"609":7.32,"610":9.5,"611":14.59,"612":2.93,"613":1.42,"614":5.06,"615":8.47,"616":12.37,"617":4.57,"618":6.27,"619":5.32,"620":6.21,"621":6.21,"622":7.01,"623":13.52,"624":11.84,"625":17.44,"626":9.05,"627":4.55,"628":55.67,"629":4.93,"630":6.29,"631":5.34,"632":1.08,"633":12.87,"634":4.64,"635":3.94,"636":3.39,"637":6.44,"638":2.21,"639":2.14,"640":2.87,"641":1.16,"642":9.44,"643":3.8,"644":2.96,"645":8.34,"646":14.47,"647":11.59,"648":37.33,"649":4.82,"650":5.54,"651":6.8,"652":3.01,"653":7.87,"654":12.75,"655":4.74,"656":3.68,"657":6.56,"658":4.75,"659":2.32,"660":2.36,"661":5.4,"662":2.76,"663":4.51,"664":16.59,"665":6.83,"666":6.59,"667":1.2,"668":7.85,"669":1.46,"670":6.92,"671":3.98,"672":10.05,"673":30.0,"674":5.79,"675":5.79,"676":3.35,"677":5.29,"678":6.04,"679":5.53,"680":7.06,"681":4.83,"682":4.81,"683":3.96,"684":4.36,"685":0.55,"686":10.04,"687":7.31,"688":4.24,"689":2.84,"690":3.32,"691":4.6,"692":8.97,"693":8.83,"694":0.58,"695":7.26,"696":4.01,"697":2.46,"698":2.41,"699":0.85,"700":2.85,"701":1.03,"702":1.3,"703":2.22,"704":0.92,"705":2.64,"706":2.79,"707":1.7,"708":5.48,"709":1.72,"710":6.08,"711":2.06,"712":10.66,"713":11.34,"714":4.39,"715":16.45,"716":7.03,"717":11.61,"718":7.81,"719":3.58,"720":5.95,"721":4.59,"722":1.5,"723":3.52,"724":6.59,"725":2.81,"726":2.9,"727":4.61,"728":3.15,"729":4.14,"730":3.48,"731":2.98,"732":9.87,"733":7.09,"734":3.36,"735":4.33,"736":2.34,"737":0.54,"738":2.53,"739":1.97,"740":1.23,"741":5.05,"742":16.0,"743":4.4,"744":4.55,"745":3.11,"746":7.5,"747":15.38,"748":6.24,"749":3.08,"750":9.69,"751":12.81,"752":8.12,"753":5.12,"754":9.46,"755":1.6,"756":1.19,"757":1.67,"758":1.28,"759":2.9,"760":3.8,"761":2.65,"762":1.61,"763":1.17,"764":0.95,"765":992.46,"766":5.7,"767":8.43,"768":0.4,"769":1.72,"770":1.41,"771":6.55,"772":3.97,"773":2.41,"774":1.94,"775":14.0,"776":10.0,"777":1.59,"778":5.13,"779":3.04,"780":2.28,"781":3.02,"782":6.39,"783":5.27,"784":2.76,"785":3.26,"786":2.05,"787":0.3,"788":6.5,"789":5.8,"790":4.55,"791":5.3,"792":3.02,"793":6.39,"794":16.0,"795":4.77,"796":6.79,"797":2.55,"798":3.7,"799":0.27,"800":2.3,"801":3.6,"802":8.19,"803":2.27,"804":1.51,"805":1.51,"806":2.22,"807":1.49,"808":0.79,"809":0.72,"810":1.07,"811":0.71,"812":1.57,"813":1.23,"814":2.3,"815":1.03,"816":0.78,"817":0.51,"818":1.11,"819":0.79,"820":0.74,"821":0.72,"822":1.26,"823":1.31,"824":0.72,"825":0.78,"826":0.5,"827":0.81,"828":0.83,"829":1.06,"830":0.95,"831":0.82,"832":0.88,"833":0.94,"834":1.0,"835":1.1,"836":10.13,"837":1.74,"838":5.14,"839":3.95,"840":9.96,"841":5.82,"842":3.92,"843":2.2,"844":2.54,"845":3.0,"846":1.53,"847":1.18,"848":1.03,"849":1.81,"850":6.72,"851":7.67,"852":4.73,"853":4.63,"854":1.17,"855":3.51,"856":1.03,"857":1.69,"858":1.79,"859":2.67,"860":1.27,"861":1.31,"862":0.99,"863":1.19,"864":0.92,"865":1.0,"866":1.49,"867":2.39,"868":2.71,"869":2.28,"870":2.12,"871":1.82,"872":2.4,"873":2.33,"874":1.47,"875":1.32,"876":1.04,"877":1.38,"878":1.02,"879":0.82,"880":1.53,"881":0.94,"882":0.74,"883":1.09,"884":11.5,"885":2.54,"886":3.69,"887":3.3,"888":2.34,"889":9.59,"890":5.68,"891":7.9,"892":6.43,"893":5.15,"894":5.01,"895":5.26,"896":6.49,"897":2.66,"898":9.6,"899":5.66,"900":1.32,"901":4.52,"902":5.85,"903":3.08,"904":3.95,"905":3.53,"906":3.29,"907":4.7,"908":0.98,"909":1.32,"910":1.11,"911":2.71,"912":6.64,"913":7.95,"914":4.85,"915":0.34,"916":2.94,"917":5.0,"918":2.14,"919":2.39,"920":1.21,"921":1.53,"922":1.85,"923":1.19,"924":5.6,"925":5.18,"926":6.83,"927":2.44,"928":8.06,"929":5.59,"930":4.77,"931":3.58,"932":3.93,"933":4.94,"934":4.32,"935":1.66,"936":1.39,"937":1.65,"938":0.96,"939":1.5,"940":2.98,"941":2.03,"942":1.51,"943":1.56,"944":3.46,"945":2.12,"946":1.49,"947":1.71,"948":1.98,"949":2.51,"950":5.2,"951":2.72,"952":1.67,"953":1.06,"954":3.08,"955":2.21,"956":7.21,"957":4.66,"958":1.25,"959":20.39,"960":0.84,"961":4.43,"962":3.88,"963":1.68,"964":4.47,"965":0.39,"966":6.47,"967":1.22,"968":0.9,"969":1.05,"970":2.1,"971":21.61,"972":2.76,"973":1.87,"974":1.97,"975":1.55,"976":2.61,"977":1.74,"978":0.44,"979":1.0,"980":0.77,"981":3.06,"982":4.6,"983":4.93,"984":6.98,"985":3.75,"986":45.11,"987":5.31,"988":0.62,"989":5.01,"990":1.04,"991":1.18,"992":2.9,"993":1.72,"994":1.18,"995":11.3,"996":0.9,"997":0.74,"998":0.7,"999":1.32,"1000":1.05,"1001":3.67,"1002":4.84,"1003":1.15,"1004":7.58,"1005":18.59,"1006":10.07,"1007":10.59,"1008":0.31,"1009":1.46,"1010":0.96,"1011":1.46,"1012":1.1,"1013":6.65,"1014":6.58,"1015":6.26,"1016":5.77,"1017":1.5,"1018":6.21,"1019":35.56,"1020":3.01,"1021":5.77,"1022":6.34,"1023":11.07,"1024":1.92,"1025":5.63,"1026":3.85,"1027":17.21,"1028":9.18,"1029":24.23,"1030":0.24,"1031":1.05,"1032":9.06,"1033":0.12,"1034":4.17,"1035":0.26,"1036":2.62,"1037":3.65,"1038":5.64,"1039":3.6,"1040":2.52,"1041":3.33,"1042":3.05,"1043":1.35,"1044":1.01,"1045":0.89,"1046":13.28,"1047":8.49,"1048":1.29,"1049":0.54,"1050":0.54,"1051":6.03,"1052":5.05,"1053":11.95,"1054":1.88,"1055":2.21,"1056":1.46,"1057":2.5,"1058":2.22,"1059":9.7,"1060":3.11,"1061":1.53,"1062":5.55,"1063":1.13,"1064":3.54,"1065":0.88,"1066":4.8,"1067":14.6,"1068":9.73,"1069":16.08,"1070":9.03,"1071":45.0,"1072":5.09,"1073":12.9,"1074":2.2,"1075":210.0,"1076":100.0,"1077":40.0,"1078":22.28,"1079":1.54,"1080":2.11,"1081":1.15,"1082":2.29,"1083":1.41,"1084":1.57,"1085":2.51,"1086":8.01,"1087":2.51,"1088":2.56,"1089":17.8,"1090":8.24,"1091":13.66,"1092":8.5,"1093":3.49,"1094":49.6,"1095":2.94,"1096":31.17,"1097":4.47,"1098":6.81,"1099":5.99,"1100":9.36,"1101":1.55,"1102":3.54,"1103":3.06,"1104":4.19,"1105":1.77,"1106":1.81,"1107":5.18,"1108":28.71,"1109":6.69,"1110":36.2,"1111":0.81,"1112":60.12,"1113":0.35,"1114":11.81,"1115":0.79,"1116":0.65,"1117":1.25,"1118":5.87,"1119":0.79,"1120":1.18,"1121":1.1,"1122":0.72,"1123":0.54,"1124":2.24,"1125":0.63,"1126":1.02,"1127":4.66,"1128":21.55,"1129":3.67,"1130":1.44,"1131":2.76,"1132":1.0,"1133":2.28,"1134":2.04,"1135":6.88,"1136":5.07,"1137":19.21,"1138":22.98,"1139":3.69,"1140":5.8,"1141":6.28,"1142":1.82,"1143":1.57,"1144":5.45,"1145":0.99,"1146":0.85,"1147":11.7,"1148":12.12,"1149":1.62,"1150":2.57,"1151":13.88,"1152":0.76,"1153":132.54,"1154":6.39,"1155":11.98,"1156":10.63,"1157":7.38,"1158":3.11,"1159":3.93,"1160":28.52,"1161":1.13,"1162":0.19,"1163":0.31,"1164":0.86,"1165":0.7,"1166":0.16,"1167":0.32,"1168":0.22,"1169":0.38,"1170":18.36,"1171":20.31,"1172":20.15,"1173":4.32,"1174":66.65,"1175":17.0,"1176":6.7,"1177":3.3,"1178":2.35,"1179":2.3,"1180":0.74,"1181":1.59,"1182":0.87,"1183":0.84,"1184":1.12,"1185":1.39,"1186":1.07,"1187":2.82,"1188":0.69,"1189":2.23,"1190":1.44,"1191":0.68,"1192":1.49,"1193":1.37,"1194":4.93,"1195":27.37,"1196":2.99,"1197":1.06,"1198":0.9,"1199":0.37,"1200":0.4,"1201":0.5,"1202":0.38,"1203":1.97,"1204":0.92,"1205":0.9,"1206":0.54,"1207":2.0,"1208":1.46,"1209":1.66,"1210":3.0,"1211":8.93,"1212":2.5,"1213":3.65,"1214":0.76,"1215":1.35,"1216":1.02,"1217":1.32,"1218":9.5,"1219":2.81,"1220":5.83,"1221":8.3,"1222":3.27,"1223":2.02,"1224":0.86,"1225":3.18,"1226":1.77,"1227":6.27,"1228":14.46,"1229":1.79,"1230":0.67,"1231":0.62,"1232":0.88,"1233":1.04,"1234":0.21,"1235":0.47,"1236":2.2,"1237":8.64,"1238":4.76,"1239":3.27,"1240":1.82,"1241":2.65,"1242":3.85,"1243":6.17,"1244":31.78,"1245":3.53,"1246":1.86,"1247":3.0,"1248":1.07,"1249":1.16,"1250":5.02,"1251":0.25,"1252":1.51,"1253":1.24,"1254":0.27,"1255":3.59,"1256":1.03,"1257":2.55,"1258":0.4,"1259":1.45,"1260":1.35,"1261":2.84,"1262":1.11,"1263":0.98,"1264":1.89,"1265":1.97,"1266":1.02,"1267":1.62,"1268":1.66,"1269":1.16,"1270":30.0,"1271":1.68,"1272":93.0,"1273":20.0,"1274":1.7,"1275":0.36,"1276":4.91,"1277":3.43,"1278":3.71,"1279":4.11,"1280":5.39,"1281":2.77,"1282":1.22,"1283":0.96,"1284":1.26,"1285":1.85,"1286":1.92,"1287":1.1,"1288":1.08,"1289":0.84,"1290":1.74,"1291":11.13,"1292":3.0,"1293":4.05,"1294":1.81,"1295":1.33,"1296":1.05,"1297":0.95,"1298":3.52,"1299":2.05,"1300":7.21,"1301":6.62,"1302":1.54,"1303":1.59,"1304":2.16,"1305":1.2,"1306":1.08,"1307":1.52,"1308":0.85,"1309":0.85,"1310":1.51,"1311":3.82,"1312":1.63,"1313":1.2,"1314":0.93,"1315":1.1,"1316":1.06,"1317":0.8,"1318":1.24,"1319":0.97,"1320":3.36,"1321":7.42,"1322":3.27,"1323":2.29,"1324":1.11,"1325":4.39,"1326":1.69,"1327":1.03,"1328":4.09,"1329":1.28,"1330":3.2,"1331":2.99,"1332":2.46,"1333":10.22,"1334":2.68,"1335":2.26,"1336":4.49,"1337":5.98,"1338":2.66,"1339":3.11,"1340":3.74,"1341":1.62,"1342":1.55,"1343":1.15,"1344":2.16,"1345":1.13,"1346":0.87,"1347":1.3,"1348":1.02,"1349":0.8,"1350":1.12,"1351":0.86,"1352":1.1,"1353":1.49,"1354":1.29,"1355":2.01,"1356":1.67,"1357":1.11,"1358":1.63,"1359":1.11,"1360":0.91,"1361":0.88,"1362":0.76,"1363":1.07,"1364":0.97,"1365":1.22,"1366":0.73,"1367":0.9,"1368":0.79,"1369":0.88,"1370":1.84,"1371":0.89,"1372":1.33,"1373":0.97,"1374":4.26,"1375":3.53,"1376":1.2,"1377":1.22,"1378":1.17,"1379":1.42,"1380":0.82,"1381":5.86,"1382":2.48,"1383":1.87,"1384":1.81,"1385":2.2,"1386":2.04,"1387":1.45,"1388":1.34,"1389":0.91,"1390":0.77,"1391":0.89,"1392":2.2,"1393":1.96,"1394":1.25,"1395":0.97,"1396":1.3,"1397":2.45,"1398":2.35,"1399":0.95,"1400":0.91,"1401":3.4,"1402":7.1,"1403":6.43,"1404":2.6,"1405":8.77,"1406":9.57,"1407":12.35,"1408":22.28,"1409":2.66,"1410":12.37,"1411":7.46,"1412":9.82,"1413":10.71,"1414":2.3,"1415":1.24,"1416":2.47,"1417":1.12,"1418":1.82,"1419":2.52,"1420":4.33,"1421":1.92,"1422":1.43,"1423":9.03,"1424":8.32,"1425":5.68,"1426":19.9,"1427":10.41,"1428":23.51,"1429":8.79,"1430":2.44,"1431":8.83,"1432":2.37,"1433":1.3,"1434":1.04,"1435":1.41,"1436":3.9,"1437":11.0,"1438":3.59,"1439":3.21,"1440":2.22,"1441":2.71,"1442":1.83,"1443":17.6,"1444":2.36,"1445":15.0,"1446":2.66,"1447":1.93,"1448":71.47,"1449":40.09,"1450":1.69,"1451":9.74,"1452":5.2,"1453":14.08,"1454":24.85,"1455":31.82,"1456":9.9,"1457":21.12,"1458":3.79,"1459":22.44,"1460":8.75,"1461":18.88,"1462":7.76,"1463":4.04,"1464":8.07,"1465":3.27,"1466":3.36,"1467":2.06,"1468":3.14,"1469":1.96,"1470":9.3,"1471":10.82,"1472":6.46,"1473":11.27,"1474":2.55,"1475":8.2,"1476":14.08,"1477":7.1,"1478":9.35,"1479":7.88,"1480":3.05,"1481":90.24,"1482":7.38,"1483":60.0,"1484":7.69,"1485":7.49,"1486":3.37,"1487":2.59,"1488":1.85,"1489":1.26,"1490":4.59,"1491":29.37,"1492":1.24,"1493":0.99,"1494":0.8,"1495":14.93,"1496":4.87,"1497":6.94,"1498":3.81,"1499":4.02,"1500":2.77,"1501":3.05,"1502":1.83,"1503":2.25,"1504":1.57,"1505":4.7,"1506":3.69,"1507":2.34,"1508":1.39,"1509":1.11,"1510":10.0,"1511":0.93,"1512":0.99,"1513":0.12,"1514":0.22,"1515":2.14,"1516":3.02,"1517":1.04,"1518":0.94,"1519":1.02,"1520":0.9,"1521":0.8,"1522":2.48,"1523":4.81,"1524":1.49,"1525":1.3,"1526":6.21,"1527":31.86,"1528":23.11,"1529":6.79,"1530":25.46,"1531":13.81,"1532":16.83,"1533":7.23,"1534":3.42,"1535":84.81,"1536":1.25,"1537":41.62,"1538":9.5,"1539":10.6,"1540":3.28,"1541":5.68,"1542":24.29,"1543":48.95,"1544":4.71,"1545":2.41,"1546":1.49,"1547":10.75,"1548":4.61,"1549":3.59,"1550":5.91,"1551":13.15,"1552":12.4,"1553":11.33,"1554":2.11,"1555":3.64,"1556":1.84,"1557":1.93,"1558":4.45,"1559":1.24,"1560":2.0,"1561":1.62,"1562":5.27,"1563":3.7,"1564":3.32,"1565":1.07,"1566":2.42,"1567":6.89,"1568":7.51,"1569":26.48,"1570":3.18,"1571":3.54,"1572":5.88,"1573":1.78,"1574":4.14,"1575":8.0,"1576":18.08,"1577":7.87,"1578":5.05,"1579":6.9,"1580":9.07,"1581":8.35,"1582":3.72,"1583":1.87,"1584":1.58,"1585":1.2,"1586":1.02,"1587":1.6,"1588":2.0,"1589":3.75,"1590":1.85,"1591":1.54,"1592":2.61,"1593":1.33,"1594":0.9,"1595":1.69,"1596":1.17,"1597":1.74,"1598":3.3,"1599":1.5,"1600":2.65,"1601":1.18,"1602":11.14,"1603":2.6,"1604":2.31,"1605":4.27,"1606":2.91,"1607":3.83,"1608":5.09,"1609":1.65,"1610":1.77,"1611":1.15,"1612":0.97,"1613":3.92,"1614":3.0,"1615":2.56,"1616":1.62,"1617":1.36,"1618":1.1,"1619":2.8,"1620":7.1,"1621":18.4,"1622":1.8,"1623":1.05,"1624":0.4,"1625":0.19,"1626":0.92,"1627":2.11,"1628":0.4,"1629":4.37,"1630":7.3,"1631":40.62,"1632":0.81,"1633":30.0,"1634":8.8,"1635":4.23,"1636":6.3,"1637":4.01,"1638":0.29,"1639":1.65,"1640":3.38,"1641":1.19,"1642":5.56,"1643":24.47,"1644":11.2,"1645":0.95,"1646":4.05,"1647":5.52,"1648":1.33,"1649":0.97,"1650":0.64,"1651":3.72,"1652":3.68,"1653":3.79,"1654":15.71,"1655":9.96,"1656":11.54,"1657":0.71,"1658":1.58,"1659":0.95,"1660":2.89,"1661":1.1,"1662":1.11,"1663":1.03,"1664":1.58,"1665":13.54,"1666":3.52,"1667":53.56,"1668":4.02,"1669":9.03,"1670":5.13,"1671":5.03,"1672":15.23,"1673":24.02,"1674":8.35,"1675":3.72,"1676":2.19,"1677":1.16,"1678":2.28,"1679":1.54,"1680":4.04,"1681":30.26,"1682":4.58,"1683":42.64,"1684":6.19,"1685":4.29,"1686":4.18,"1687":11.15,"1688":1.25,"1689":1.74,"1690":53.89,"1691":3.58,"1692":16.28,"1693":11.17,"1694":24.53,"1695":4.32,"1696":4.68,"1697":37.84,"1698":8.19,"1699":0.88,"1700":2.13,"1701":2.85,"1702":2.81,"1703":3.13,"1704":0.32,"1705":2.31,"1706":0.47,"1707":18.78,"1708":9.23,"1709":4.77,"1710":5.43,"1711":1.78,"1712":1.02,"1713":3.21,"1714":1.89,"1715":8.64,"1716":5.69,"1717":1.0,"1718":1.87,"1719":0.94,"1720":1.16,"1721":1.34,"1722":2.56,"1723":1.8,"1724":1.98,"1725":2.07,"1726":0.89,"1727":0.87,"1728":0.8,"1729":1.46,"1730":2.9,"1731":2.0,"1732":1.08,"1733":0.75,"1734":7.78,"1735":3.03,"1736":0.47,"1737":0.87,"1738":0.77,"1739":1.05,"1740":0.86,"1741":0.71,"1742":19.89,"1743":5.79,"1744":3.32,"1745":0.71,"1746":0.83,"1747":0.84,"1748":2.12,"1749":0.7,"1750":0.88,"1751":1.14,"1752":0.77,"1753":1.21,"1754":0.8,"1755":0.98,"1756":0.92,"1757":0.84,"1758":1.42,"1759":0.8,"1760":0.76,"1761":1.08,"1762":0.78,"1763":0.73,"1764":0.75,"1765":0.82,"1766":0.92,"1767":0.56,"1768":0.6,"1769":0.59,"1770":0.78,"1771":0.65,"1772":0.95,"1773":0.97,"1774":1.13,"1775":0.79,"1776":1.08,"1777":0.71,"1778":0.69,"1779":3.8,"1780":2.8,"1781":2.27,"1782":2.3,"1783":6.72,"1784":12.36,"1785":7.01,"1786":4.86,"1787":0.64,"1788":0.93,"1789":1.0,"1790":2.47,"1791":3.6,"1792":0.79,"1793":5.31,"1794":4.79,"1795":3.65,"1796":0.6,"1797":2.15,"1798":0.31,"1799":0.22,"1800":3.26,"1801":0.25,"1802":0.78,"1803":1.49,"1804":5.52,"1805":0.25,"1806":2.44,"1807":0.94,"1808":4.77,"1809":3.86,"1810":0.67,"1811":1.04,"1812":0.9,"1813":0.76,"1814":2.7,"1815":4.31,"1816":2.19,"1817":0.85,"1818":0.5,"1819":3.09,"1820":0.56,"1821":3.48,"1822":7.09,"1823":2.51,"1824":2.33,"1825":0.7,"1826":2.57,"1827":1.17,"1828":0.57,"1829":0.74,"1830":3.25,"1831":2.53,"1832":5.07,"1833":0.93,"1834":0.61,"1835":0.88,"1836":0.9,"1837":4.23,"1838":2.56,"1839":0.4,"1840":2.4,"1841":16.0,"1842":17.0,"1843":2.23,"1844":1.5,"1845":70.89,"1846":0.45,"1847":2.87,"1848":4.14,"1849":4.9,"1850":10.46,"1851":0.22,"1852":0.21,"1853":0.08,"1854":2.93,"1855":1.71,"1856":1.84,"1857":0.4,"1858":1.87,"1859":0.29,"1860":3.14,"1861":0.35,"1862":0.39,"1863":131.62,"1864":26.19,"1865":1.87,"1866":1.39,"1867":384.41,"1868":8.0,"1869":9.07,"1870":63.82,"1871":98.0,"1872":1.5,"1873":8.92,"1874":5.15,"1875":1.6,"1876":10.0,"1877":8.5,"1878":2.98,"1879":3.65,"1880":4.76,"1881":1.35,"1882":2.5,"1883":12.0,"1884":9.3,"1885":13.0,"1886":179.06,"1887":84.41,"1888":6.39,"1889":11.98,"1890":60.0,"1891":27.0,"1892":3.5,"1893":19.0,"1894":14.0,"1895":8.89,"1896":5.15,"1897":18.0,"1898":129.47,"1899":15.0}}